{
  "project_info": {
    "project_number": "956564694927",
    "project_id": "sportsbookertest",
    "storage_bucket": "sportsbookertest.appspot.com"
  },
  "client": [
    {
      "client_info": {
        "mobilesdk_app_id": "1:956564694927:android:875d1827db232462740dfa",
        "android_client_info": {
          "package_name": "com.example.lab2"
        }
      },
      "oauth_client": [
        {
          "client_id": "956564694927-gnrlkkuna3b9hoc6kmag4leejj2bd0ni.apps.googleusercontent.com",
          "client_type": 3
        }
      ],
      "api_key": [
        {
          "current_key": "AIzaSyAjPuEaAtls7KPvRTR_-1rts397RXk80Kg"
        }
      ],
      "services": {
        "appinvite_service": {
          "other_platform_oauth_client": [
            {
              "client_id": "956564694927-gnrlkkuna3b9hoc6kmag4leejj2bd0ni.apps.googleusercontent.com",
              "client_type": 3
            }
          ]
        }
      }
    }
  ],
  "configuration_version": "1"
}