{
  "formatVersion": 1,
  "database": {
    "version": 1,
    "identityHash": "191978b008d09dfee8beafbea671fc20",
    "entities": [
      {
        "tableName": "players",
        "createSql": "CREATE TABLE IF NOT EXISTS `${TABLE_NAME}` (`playerId` INTEGER PRIMARY KEY AUTOINCREMENT NOT NULL, `fullName` TEXT NOT NULL, `location` TEXT NOT NULL, `dateOfBirth` INTEGER NOT NULL, `email` TEXT NOT NULL, `description` TEXT NOT NULL, `profileImage` TEXT NOT NULL)",
        "fields": [
          {
            "fieldPath": "playerId",
            "columnName": "playerId",
            "affinity": "INTEGER",
            "notNull": true
          },
          {
            "fieldPath": "fullName",
            "columnName": "fullName",
            "affinity": "TEXT",
            "notNull": true
          },
          {
            "fieldPath": "location",
            "columnName": "location",
            "affinity": "TEXT",
            "notNull": true
          },
          {
            "fieldPath": "dateOfBirth",
            "columnName": "dateOfBirth",
            "affinity": "INTEGER",
            "notNull": true
          },
          {
            "fieldPath": "email",
            "columnName": "email",
            "affinity": "TEXT",
            "notNull": true
          },
          {
            "fieldPath": "description",
            "columnName": "description",
            "affinity": "TEXT",
            "notNull": true
          },
          {
            "fieldPath": "profileImage",
            "columnName": "profileImage",
            "affinity": "TEXT",
            "notNull": true
          }
        ],
        "primaryKey": {
          "autoGenerate": true,
          "columnNames": [
            "playerId"
          ]
        },
        "indices": [],
        "foreignKeys": []
      },
      {
        "tableName": "reservations",
        "createSql": "CREATE TABLE IF NOT EXISTS `${TABLE_NAME}` (`reservationId` INTEGER PRIMARY KEY AUTOINCREMENT NOT NULL, `courtId` INTEGER NOT NULL, `numOfPlayers` INTEGER NOT NULL, `price` REAL NOT NULL, `date` INTEGER NOT NULL, `time` INTEGER NOT NULL, FOREIGN KEY(`courtId`) REFERENCES `courts`(`courtId`) ON UPDATE NO ACTION ON DELETE NO ACTION )",
        "fields": [
          {
            "fieldPath": "reservationId",
            "columnName": "reservationId",
            "affinity": "INTEGER",
            "notNull": true
          },
          {
            "fieldPath": "courtId",
            "columnName": "courtId",
            "affinity": "INTEGER",
            "notNull": true
          },
          {
            "fieldPath": "numOfPlayers",
            "columnName": "numOfPlayers",
            "affinity": "INTEGER",
            "notNull": true
          },
          {
            "fieldPath": "price",
            "columnName": "price",
            "affinity": "REAL",
            "notNull": true
          },
          {
            "fieldPath": "date",
            "columnName": "date",
            "affinity": "INTEGER",
            "notNull": true
          },
          {
            "fieldPath": "time",
            "columnName": "time",
            "affinity": "INTEGER",
            "notNull": true
          }
        ],
        "primaryKey": {
          "autoGenerate": true,
          "columnNames": [
            "reservationId"
          ]
        },
        "indices": [
          {
            "name": "index_reservations_courtId",
            "unique": false,
            "columnNames": [
              "courtId"
            ],
            "orders": [],
            "createSql": "CREATE INDEX IF NOT EXISTS `index_reservations_courtId` ON `${TABLE_NAME}` (`courtId`)"
          }
        ],
        "foreignKeys": [
          {
            "table": "courts",
            "onDelete": "NO ACTION",
            "onUpdate": "NO ACTION",
            "columns": [
              "courtId"
            ],
            "referencedColumns": [
              "courtId"
            ]
          }
        ]
      },
      {
        "tableName": "courts",
        "createSql": "CREATE TABLE IF NOT EXISTS `${TABLE_NAME}` (`courtId` INTEGER PRIMARY KEY AUTOINCREMENT NOT NULL, `name` TEXT NOT NULL, `sport` TEXT NOT NULL)",
        "fields": [
          {
            "fieldPath": "courtId",
            "columnName": "courtId",
            "affinity": "INTEGER",
            "notNull": true
          },
          {
            "fieldPath": "name",
            "columnName": "name",
            "affinity": "TEXT",
            "notNull": true
          },
          {
            "fieldPath": "sport",
            "columnName": "sport",
            "affinity": "TEXT",
            "notNull": true
          }
        ],
        "primaryKey": {
          "autoGenerate": true,
          "columnNames": [
            "courtId"
          ]
        },
        "indices": [],
        "foreignKeys": []
      }
    ],
    "views": [],
    "setupQueries": [
      "CREATE TABLE IF NOT EXISTS room_master_table (id INTEGER PRIMARY KEY,identity_hash TEXT)",
      "INSERT OR REPLACE INTO room_master_table (id,identity_hash) VALUES(42, '191978b008d09dfee8beafbea671fc20')"
    ]
  }
}